{
    "tilewidth": 12,
    "tileshigh": 16,
    "layers": [
        {
            "number": 0,
            "tiles": [
                {
                    "x": 0,
                    "flipX": false,
                    "y": 0,
                    "index": 0,
                    "tile": -1,
                    "rot": 0
                },
                {
                    "x": 1,
                    "flipX": false,
                    "y": 0,
                    "index": 1,
                    "tile": -1,
                    "rot": 0
                },
                {
                    "x": 2,
                    "flipX": false,
                    "y": 0,
                    "index": 2,
                    "tile": -1,
                    "rot": 0
                },
                {
                    "x": 3,
                    "flipX": false,
                    "y": 0,
                    "index": 3,
                    "tile": -1,
                    "rot": 0
                },
                {
                    "x": 4,
                    "flipX": false,
                    "y": 0,
                    "index": 4,
                    "tile": -1,
                    "rot": 0
                },
                {
                    "x": 5,
                    "flipX": false,
                    "y": 0,
                    "index": 5,
                    "tile": -1,
                    "rot": 0
                },
                {
                    "x": 6,
                    "flipX": false,
                    "y": 0,
                    "index": 6,
                    "tile": -1,
                    "rot": 0
                },
                {
                    "x": 7,
                    "flipX": false,
                    "y": 0,
                    "index": 7,
                    "tile": -1,
                    "rot": 0
                },
                {
                    "x": 0,
                    "flipX": false,
                    "y": 1,
                    "index": 8,
                    "tile": -1,
                    "rot": 0
                },
                {
                    "x": 1,
                    "flipX": false,
                    "y": 1,
                    "index": 9,
                    "tile": -1,
                    "rot": 0
                },
                {
                    "x": 2,
                    "flipX": false,
                    "y": 1,
                    "index": 10,
                    "tile": -1,
                    "rot": 0
                },
                {
                    "x": 3,
                    "flipX": false,
                    "y": 1,
                    "index": 11,
                    "tile": -1,
                    "rot": 0
                },
                {
                    "x": 4,
                    "flipX": false,
                    "y": 1,
                    "index": 12,
                    "tile": -1,
                    "rot": 0
                },
                {
                    "x": 5,
                    "flipX": false,
                    "y": 1,
                    "index": 13,
                    "tile": -1,
                    "rot": 0
                },
                {
                    "x": 6,
                    "flipX": false,
                    "y": 1,
                    "index": 14,
                    "tile": -1,
                    "rot": 0
                },
                {
                    "x": 7,
                    "flipX": false,
                    "y": 1,
                    "index": 15,
                    "tile": -1,
                    "rot": 0
                },
                {
                    "x": 0,
                    "flipX": false,
                    "y": 2,
                    "index": 16,
                    "tile": -1,
                    "rot": 0
                },
                {
                    "x": 1,
                    "flipX": false,
                    "y": 2,
                    "index": 17,
                    "tile": -1,
                    "rot": 0
                },
                {
                    "x": 2,
                    "flipX": false,
                    "y": 2,
                    "index": 18,
                    "tile": -1,
                    "rot": 0
                },
                {
                    "x": 3,
                    "flipX": false,
                    "y": 2,
                    "index": 19,
                    "tile": -1,
                    "rot": 0
                },
                {
                    "x": 4,
                    "flipX": false,
                    "y": 2,
                    "index": 20,
                    "tile": -1,
                    "rot": 0
                },
                {
                    "x": 5,
                    "flipX": false,
                    "y": 2,
                    "index": 21,
                    "tile": -1,
                    "rot": 0
                },
                {
                    "x": 6,
                    "flipX": false,
                    "y": 2,
                    "index": 22,
                    "tile": -1,
                    "rot": 0
                },
                {
                    "x": 7,
                    "flipX": false,
                    "y": 2,
                    "index": 23,
                    "tile": -1,
                    "rot": 0
                },
                {
                    "x": 0,
                    "flipX": false,
                    "y": 3,
                    "index": 24,
                    "tile": -1,
                    "rot": 0
                },
                {
                    "x": 1,
                    "flipX": false,
                    "y": 3,
                    "index": 25,
                    "tile": -1,
                    "rot": 0
                },
                {
                    "x": 2,
                    "flipX": false,
                    "y": 3,
                    "index": 26,
                    "tile": -1,
                    "rot": 0
                },
                {
                    "x": 3,
                    "flipX": false,
                    "y": 3,
                    "index": 27,
                    "tile": -1,
                    "rot": 0
                },
                {
                    "x": 4,
                    "flipX": false,
                    "y": 3,
                    "index": 28,
                    "tile": -1,
                    "rot": 0
                },
                {
                    "x": 5,
                    "flipX": false,
                    "y": 3,
                    "index": 29,
                    "tile": -1,
                    "rot": 0
                },
                {
                    "x": 6,
                    "flipX": false,
                    "y": 3,
                    "index": 30,
                    "tile": -1,
                    "rot": 0
                },
                {
                    "x": 7,
                    "flipX": false,
                    "y": 3,
                    "index": 31,
                    "tile": -1,
                    "rot": 0
                },
                {
                    "x": 0,
                    "flipX": false,
                    "y": 4,
                    "index": 32,
                    "tile": -1,
                    "rot": 0
                },
                {
                    "x": 1,
                    "flipX": false,
                    "y": 4,
                    "index": 33,
                    "tile": -1,
                    "rot": 0
                },
                {
                    "x": 2,
                    "flipX": false,
                    "y": 4,
                    "index": 34,
                    "tile": -1,
                    "rot": 0
                },
                {
                    "x": 3,
                    "flipX": false,
                    "y": 4,
                    "index": 35,
                    "tile": -1,
                    "rot": 0
                },
                {
                    "x": 4,
                    "flipX": false,
                    "y": 4,
                    "index": 36,
                    "tile": -1,
                    "rot": 0
                },
                {
                    "x": 5,
                    "flipX": false,
                    "y": 4,
                    "index": 37,
                    "tile": -1,
                    "rot": 0
                },
                {
                    "x": 6,
                    "flipX": false,
                    "y": 4,
                    "index": 38,
                    "tile": -1,
                    "rot": 0
                },
                {
                    "x": 7,
                    "flipX": false,
                    "y": 4,
                    "index": 39,
                    "tile": 39,
                    "rot": 0
                },
                {
                    "x": 0,
                    "flipX": false,
                    "y": 5,
                    "index": 40,
                    "tile": -1,
                    "rot": 0
                },
                {
                    "x": 1,
                    "flipX": false,
                    "y": 5,
                    "index": 41,
                    "tile": -1,
                    "rot": 0
                },
                {
                    "x": 2,
                    "flipX": false,
                    "y": 5,
                    "index": 42,
                    "tile": -1,
                    "rot": 0
                },
                {
                    "x": 3,
                    "flipX": false,
                    "y": 5,
                    "index": 43,
                    "tile": -1,
                    "rot": 0
                },
                {
                    "x": 4,
                    "flipX": false,
                    "y": 5,
                    "index": 44,
                    "tile": -1,
                    "rot": 0
                },
                {
                    "x": 5,
                    "flipX": false,
                    "y": 5,
                    "index": 45,
                    "tile": -1,
                    "rot": 0
                },
                {
                    "x": 6,
                    "flipX": false,
                    "y": 5,
                    "index": 46,
                    "tile": -1,
                    "rot": 0
                },
                {
                    "x": 7,
                    "flipX": false,
                    "y": 5,
                    "index": 47,
                    "tile": -1,
                    "rot": 0
                },
                {
                    "x": 0,
                    "flipX": false,
                    "y": 6,
                    "index": 48,
                    "tile": -1,
                    "rot": 0
                },
                {
                    "x": 1,
                    "flipX": false,
                    "y": 6,
                    "index": 49,
                    "tile": -1,
                    "rot": 0
                },
                {
                    "x": 2,
                    "flipX": false,
                    "y": 6,
                    "index": 50,
                    "tile": -1,
                    "rot": 0
                },
                {
                    "x": 3,
                    "flipX": false,
                    "y": 6,
                    "index": 51,
                    "tile": -1,
                    "rot": 0
                },
                {
                    "x": 4,
                    "flipX": false,
                    "y": 6,
                    "index": 52,
                    "tile": -1,
                    "rot": 0
                },
                {
                    "x": 5,
                    "flipX": false,
                    "y": 6,
                    "index": 53,
                    "tile": -1,
                    "rot": 0
                },
                {
                    "x": 6,
                    "flipX": false,
                    "y": 6,
                    "index": 54,
                    "tile": -1,
                    "rot": 0
                },
                {
                    "x": 7,
                    "flipX": false,
                    "y": 6,
                    "index": 55,
                    "tile": -1,
                    "rot": 0
                },
                {
                    "x": 0,
                    "flipX": false,
                    "y": 7,
                    "index": 56,
                    "tile": -1,
                    "rot": 0
                },
                {
                    "x": 1,
                    "flipX": false,
                    "y": 7,
                    "index": 57,
                    "tile": -1,
                    "rot": 0
                },
                {
                    "x": 2,
                    "flipX": false,
                    "y": 7,
                    "index": 58,
                    "tile": -1,
                    "rot": 0
                },
                {
                    "x": 3,
                    "flipX": false,
                    "y": 7,
                    "index": 59,
                    "tile": -1,
                    "rot": 0
                },
                {
                    "x": 4,
                    "flipX": false,
                    "y": 7,
                    "index": 60,
                    "tile": -1,
                    "rot": 0
                },
                {
                    "x": 5,
                    "flipX": false,
                    "y": 7,
                    "index": 61,
                    "tile": -1,
                    "rot": 0
                },
                {
                    "x": 6,
                    "flipX": false,
                    "y": 7,
                    "index": 62,
                    "tile": -1,
                    "rot": 0
                },
                {
                    "x": 7,
                    "flipX": false,
                    "y": 7,
                    "index": 63,
                    "tile": -1,
                    "rot": 0
                },
                {
                    "x": 0,
                    "flipX": false,
                    "y": 8,
                    "index": 64,
                    "tile": -1,
                    "rot": 0
                },
                {
                    "x": 1,
                    "flipX": false,
                    "y": 8,
                    "index": 65,
                    "tile": -1,
                    "rot": 0
                },
                {
                    "x": 2,
                    "flipX": false,
                    "y": 8,
                    "index": 66,
                    "tile": -1,
                    "rot": 0
                },
                {
                    "x": 3,
                    "flipX": false,
                    "y": 8,
                    "index": 67,
                    "tile": -1,
                    "rot": 0
                },
                {
                    "x": 4,
                    "flipX": false,
                    "y": 8,
                    "index": 68,
                    "tile": -1,
                    "rot": 0
                },
                {
                    "x": 5,
                    "flipX": false,
                    "y": 8,
                    "index": 69,
                    "tile": -1,
                    "rot": 0
                },
                {
                    "x": 6,
                    "flipX": false,
                    "y": 8,
                    "index": 70,
                    "tile": -1,
                    "rot": 0
                },
                {
                    "x": 7,
                    "flipX": false,
                    "y": 8,
                    "index": 71,
                    "tile": -1,
                    "rot": 0
                },
                {
                    "x": 0,
                    "flipX": false,
                    "y": 9,
                    "index": 72,
                    "tile": -1,
                    "rot": 0
                },
                {
                    "x": 1,
                    "flipX": false,
                    "y": 9,
                    "index": 73,
                    "tile": -1,
                    "rot": 0
                },
                {
                    "x": 2,
                    "flipX": false,
                    "y": 9,
                    "index": 74,
                    "tile": -1,
                    "rot": 0
                },
                {
                    "x": 3,
                    "flipX": false,
                    "y": 9,
                    "index": 75,
                    "tile": -1,
                    "rot": 0
                },
                {
                    "x": 4,
                    "flipX": false,
                    "y": 9,
                    "index": 76,
                    "tile": -1,
                    "rot": 0
                },
                {
                    "x": 5,
                    "flipX": false,
                    "y": 9,
                    "index": 77,
                    "tile": -1,
                    "rot": 0
                },
                {
                    "x": 6,
                    "flipX": false,
                    "y": 9,
                    "index": 78,
                    "tile": -1,
                    "rot": 0
                },
                {
                    "x": 7,
                    "flipX": false,
                    "y": 9,
                    "index": 79,
                    "tile": -1,
                    "rot": 0
                },
                {
                    "x": 0,
                    "flipX": false,
                    "y": 10,
                    "index": 80,
                    "tile": -1,
                    "rot": 0
                },
                {
                    "x": 1,
                    "flipX": false,
                    "y": 10,
                    "index": 81,
                    "tile": -1,
                    "rot": 0
                },
                {
                    "x": 2,
                    "flipX": false,
                    "y": 10,
                    "index": 82,
                    "tile": -1,
                    "rot": 0
                },
                {
                    "x": 3,
                    "flipX": false,
                    "y": 10,
                    "index": 83,
                    "tile": -1,
                    "rot": 0
                },
                {
                    "x": 4,
                    "flipX": false,
                    "y": 10,
                    "index": 84,
                    "tile": -1,
                    "rot": 0
                },
                {
                    "x": 5,
                    "flipX": false,
                    "y": 10,
                    "index": 85,
                    "tile": -1,
                    "rot": 0
                },
                {
                    "x": 6,
                    "flipX": false,
                    "y": 10,
                    "index": 86,
                    "tile": -1,
                    "rot": 0
                },
                {
                    "x": 7,
                    "flipX": false,
                    "y": 10,
                    "index": 87,
                    "tile": -1,
                    "rot": 0
                },
                {
                    "x": 0,
                    "flipX": false,
                    "y": 11,
                    "index": 88,
                    "tile": -1,
                    "rot": 0
                },
                {
                    "x": 1,
                    "flipX": false,
                    "y": 11,
                    "index": 89,
                    "tile": -1,
                    "rot": 0
                },
                {
                    "x": 2,
                    "flipX": false,
                    "y": 11,
                    "index": 90,
                    "tile": -1,
                    "rot": 0
                },
                {
                    "x": 3,
                    "flipX": false,
                    "y": 11,
                    "index": 91,
                    "tile": -1,
                    "rot": 0
                },
                {
                    "x": 4,
                    "flipX": false,
                    "y": 11,
                    "index": 92,
                    "tile": -1,
                    "rot": 0
                },
                {
                    "x": 5,
                    "flipX": false,
                    "y": 11,
                    "index": 93,
                    "tile": -1,
                    "rot": 0
                },
                {
                    "x": 6,
                    "flipX": false,
                    "y": 11,
                    "index": 94,
                    "tile": -1,
                    "rot": 0
                },
                {
                    "x": 7,
                    "flipX": false,
                    "y": 11,
                    "index": 95,
                    "tile": -1,
                    "rot": 0
                },
                {
                    "x": 0,
                    "flipX": false,
                    "y": 12,
                    "index": 96,
                    "tile": -1,
                    "rot": 0
                },
                {
                    "x": 1,
                    "flipX": false,
                    "y": 12,
                    "index": 97,
                    "tile": -1,
                    "rot": 0
                },
                {
                    "x": 2,
                    "flipX": false,
                    "y": 12,
                    "index": 98,
                    "tile": -1,
                    "rot": 0
                },
                {
                    "x": 3,
                    "flipX": false,
                    "y": 12,
                    "index": 99,
                    "tile": -1,
                    "rot": 0
                },
                {
                    "x": 4,
                    "flipX": false,
                    "y": 12,
                    "index": 100,
                    "tile": -1,
                    "rot": 0
                },
                {
                    "x": 5,
                    "flipX": false,
                    "y": 12,
                    "index": 101,
                    "tile": -1,
                    "rot": 0
                },
                {
                    "x": 6,
                    "flipX": false,
                    "y": 12,
                    "index": 102,
                    "tile": -1,
                    "rot": 0
                },
                {
                    "x": 7,
                    "flipX": false,
                    "y": 12,
                    "index": 103,
                    "tile": -1,
                    "rot": 0
                },
                {
                    "x": 0,
                    "flipX": false,
                    "y": 13,
                    "index": 104,
                    "tile": -1,
                    "rot": 0
                },
                {
                    "x": 1,
                    "flipX": false,
                    "y": 13,
                    "index": 105,
                    "tile": -1,
                    "rot": 0
                },
                {
                    "x": 2,
                    "flipX": false,
                    "y": 13,
                    "index": 106,
                    "tile": -1,
                    "rot": 0
                },
                {
                    "x": 3,
                    "flipX": false,
                    "y": 13,
                    "index": 107,
                    "tile": -1,
                    "rot": 0
                },
                {
                    "x": 4,
                    "flipX": false,
                    "y": 13,
                    "index": 108,
                    "tile": -1,
                    "rot": 0
                },
                {
                    "x": 5,
                    "flipX": false,
                    "y": 13,
                    "index": 109,
                    "tile": -1,
                    "rot": 0
                },
                {
                    "x": 6,
                    "flipX": false,
                    "y": 13,
                    "index": 110,
                    "tile": -1,
                    "rot": 0
                },
                {
                    "x": 7,
                    "flipX": false,
                    "y": 13,
                    "index": 111,
                    "tile": -1,
                    "rot": 0
                },
                {
                    "x": 0,
                    "flipX": false,
                    "y": 14,
                    "index": 112,
                    "tile": -1,
                    "rot": 0
                },
                {
                    "x": 1,
                    "flipX": false,
                    "y": 14,
                    "index": 113,
                    "tile": -1,
                    "rot": 0
                },
                {
                    "x": 2,
                    "flipX": false,
                    "y": 14,
                    "index": 114,
                    "tile": -1,
                    "rot": 0
                },
                {
                    "x": 3,
                    "flipX": false,
                    "y": 14,
                    "index": 115,
                    "tile": -1,
                    "rot": 0
                },
                {
                    "x": 4,
                    "flipX": false,
                    "y": 14,
                    "index": 116,
                    "tile": -1,
                    "rot": 0
                },
                {
                    "x": 5,
                    "flipX": false,
                    "y": 14,
                    "index": 117,
                    "tile": -1,
                    "rot": 0
                },
                {
                    "x": 6,
                    "flipX": false,
                    "y": 14,
                    "index": 118,
                    "tile": -1,
                    "rot": 0
                },
                {
                    "x": 7,
                    "flipX": false,
                    "y": 14,
                    "index": 119,
                    "tile": -1,
                    "rot": 0
                },
                {
                    "x": 0,
                    "flipX": false,
                    "y": 15,
                    "index": 120,
                    "tile": -1,
                    "rot": 0
                },
                {
                    "x": 1,
                    "flipX": false,
                    "y": 15,
                    "index": 121,
                    "tile": -1,
                    "rot": 0
                },
                {
                    "x": 2,
                    "flipX": false,
                    "y": 15,
                    "index": 122,
                    "tile": -1,
                    "rot": 0
                },
                {
                    "x": 3,
                    "flipX": false,
                    "y": 15,
                    "index": 123,
                    "tile": -1,
                    "rot": 0
                },
                {
                    "x": 4,
                    "flipX": false,
                    "y": 15,
                    "index": 124,
                    "tile": -1,
                    "rot": 0
                },
                {
                    "x": 5,
                    "flipX": false,
                    "y": 15,
                    "index": 125,
                    "tile": -1,
                    "rot": 0
                },
                {
                    "x": 6,
                    "flipX": false,
                    "y": 15,
                    "index": 126,
                    "tile": -1,
                    "rot": 0
                },
                {
                    "x": 7,
                    "flipX": false,
                    "y": 15,
                    "index": 127,
                    "tile": -1,
                    "rot": 0
                }
            ],
            "name": "TinyTiles"
        }
    ],
    "tileheight": 12,
    "tileswide": 8
}