<tilemap tileswide="8" tileshigh="16" tilewidth="12" tileheight="12">
  <layer number="0" name="TinyTiles">
    <tile x="0" y="0" tile="-1" rot="0" flipX="false"/>
    <tile x="1" y="0" tile="-1" rot="0" flipX="false"/>
    <tile x="2" y="0" tile="-1" rot="0" flipX="false"/>
    <tile x="3" y="0" tile="-1" rot="0" flipX="false"/>
    <tile x="4" y="0" tile="-1" rot="0" flipX="false"/>
    <tile x="5" y="0" tile="-1" rot="0" flipX="false"/>
    <tile x="6" y="0" tile="-1" rot="0" flipX="false"/>
    <tile x="7" y="0" tile="-1" rot="0" flipX="false"/>
    <tile x="0" y="1" tile="-1" rot="0" flipX="false"/>
    <tile x="1" y="1" tile="-1" rot="0" flipX="false"/>
    <tile x="2" y="1" tile="-1" rot="0" flipX="false"/>
    <tile x="3" y="1" tile="-1" rot="0" flipX="false"/>
    <tile x="4" y="1" tile="-1" rot="0" flipX="false"/>
    <tile x="5" y="1" tile="-1" rot="0" flipX="false"/>
    <tile x="6" y="1" tile="-1" rot="0" flipX="false"/>
    <tile x="7" y="1" tile="-1" rot="0" flipX="false"/>
    <tile x="0" y="2" tile="-1" rot="0" flipX="false"/>
    <tile x="1" y="2" tile="-1" rot="0" flipX="false"/>
    <tile x="2" y="2" tile="-1" rot="0" flipX="false"/>
    <tile x="3" y="2" tile="-1" rot="0" flipX="false"/>
    <tile x="4" y="2" tile="-1" rot="0" flipX="false"/>
    <tile x="5" y="2" tile="-1" rot="0" flipX="false"/>
    <tile x="6" y="2" tile="-1" rot="0" flipX="false"/>
    <tile x="7" y="2" tile="-1" rot="0" flipX="false"/>
    <tile x="0" y="3" tile="-1" rot="0" flipX="false"/>
    <tile x="1" y="3" tile="-1" rot="0" flipX="false"/>
    <tile x="2" y="3" tile="-1" rot="0" flipX="false"/>
    <tile x="3" y="3" tile="-1" rot="0" flipX="false"/>
    <tile x="4" y="3" tile="-1" rot="0" flipX="false"/>
    <tile x="5" y="3" tile="-1" rot="0" flipX="false"/>
    <tile x="6" y="3" tile="-1" rot="0" flipX="false"/>
    <tile x="7" y="3" tile="-1" rot="0" flipX="false"/>
    <tile x="0" y="4" tile="-1" rot="0" flipX="false"/>
    <tile x="1" y="4" tile="-1" rot="0" flipX="false"/>
    <tile x="2" y="4" tile="-1" rot="0" flipX="false"/>
    <tile x="3" y="4" tile="-1" rot="0" flipX="false"/>
    <tile x="4" y="4" tile="-1" rot="0" flipX="false"/>
    <tile x="5" y="4" tile="-1" rot="0" flipX="false"/>
    <tile x="6" y="4" tile="-1" rot="0" flipX="false"/>
    <tile x="7" y="4" tile="39" rot="0" flipX="false"/>
    <tile x="0" y="5" tile="-1" rot="0" flipX="false"/>
    <tile x="1" y="5" tile="-1" rot="0" flipX="false"/>
    <tile x="2" y="5" tile="-1" rot="0" flipX="false"/>
    <tile x="3" y="5" tile="-1" rot="0" flipX="false"/>
    <tile x="4" y="5" tile="-1" rot="0" flipX="false"/>
    <tile x="5" y="5" tile="-1" rot="0" flipX="false"/>
    <tile x="6" y="5" tile="-1" rot="0" flipX="false"/>
    <tile x="7" y="5" tile="-1" rot="0" flipX="false"/>
    <tile x="0" y="6" tile="-1" rot="0" flipX="false"/>
    <tile x="1" y="6" tile="-1" rot="0" flipX="false"/>
    <tile x="2" y="6" tile="-1" rot="0" flipX="false"/>
    <tile x="3" y="6" tile="-1" rot="0" flipX="false"/>
    <tile x="4" y="6" tile="-1" rot="0" flipX="false"/>
    <tile x="5" y="6" tile="-1" rot="0" flipX="false"/>
    <tile x="6" y="6" tile="-1" rot="0" flipX="false"/>
    <tile x="7" y="6" tile="-1" rot="0" flipX="false"/>
    <tile x="0" y="7" tile="-1" rot="0" flipX="false"/>
    <tile x="1" y="7" tile="-1" rot="0" flipX="false"/>
    <tile x="2" y="7" tile="-1" rot="0" flipX="false"/>
    <tile x="3" y="7" tile="-1" rot="0" flipX="false"/>
    <tile x="4" y="7" tile="-1" rot="0" flipX="false"/>
    <tile x="5" y="7" tile="-1" rot="0" flipX="false"/>
    <tile x="6" y="7" tile="-1" rot="0" flipX="false"/>
    <tile x="7" y="7" tile="-1" rot="0" flipX="false"/>
    <tile x="0" y="8" tile="-1" rot="0" flipX="false"/>
    <tile x="1" y="8" tile="-1" rot="0" flipX="false"/>
    <tile x="2" y="8" tile="-1" rot="0" flipX="false"/>
    <tile x="3" y="8" tile="-1" rot="0" flipX="false"/>
    <tile x="4" y="8" tile="-1" rot="0" flipX="false"/>
    <tile x="5" y="8" tile="-1" rot="0" flipX="false"/>
    <tile x="6" y="8" tile="-1" rot="0" flipX="false"/>
    <tile x="7" y="8" tile="-1" rot="0" flipX="false"/>
    <tile x="0" y="9" tile="-1" rot="0" flipX="false"/>
    <tile x="1" y="9" tile="-1" rot="0" flipX="false"/>
    <tile x="2" y="9" tile="-1" rot="0" flipX="false"/>
    <tile x="3" y="9" tile="-1" rot="0" flipX="false"/>
    <tile x="4" y="9" tile="-1" rot="0" flipX="false"/>
    <tile x="5" y="9" tile="-1" rot="0" flipX="false"/>
    <tile x="6" y="9" tile="-1" rot="0" flipX="false"/>
    <tile x="7" y="9" tile="-1" rot="0" flipX="false"/>
    <tile x="0" y="10" tile="-1" rot="0" flipX="false"/>
    <tile x="1" y="10" tile="-1" rot="0" flipX="false"/>
    <tile x="2" y="10" tile="-1" rot="0" flipX="false"/>
    <tile x="3" y="10" tile="-1" rot="0" flipX="false"/>
    <tile x="4" y="10" tile="-1" rot="0" flipX="false"/>
    <tile x="5" y="10" tile="-1" rot="0" flipX="false"/>
    <tile x="6" y="10" tile="-1" rot="0" flipX="false"/>
    <tile x="7" y="10" tile="-1" rot="0" flipX="false"/>
    <tile x="0" y="11" tile="-1" rot="0" flipX="false"/>
    <tile x="1" y="11" tile="-1" rot="0" flipX="false"/>
    <tile x="2" y="11" tile="-1" rot="0" flipX="false"/>
    <tile x="3" y="11" tile="-1" rot="0" flipX="false"/>
    <tile x="4" y="11" tile="-1" rot="0" flipX="false"/>
    <tile x="5" y="11" tile="-1" rot="0" flipX="false"/>
    <tile x="6" y="11" tile="-1" rot="0" flipX="false"/>
    <tile x="7" y="11" tile="-1" rot="0" flipX="false"/>
    <tile x="0" y="12" tile="-1" rot="0" flipX="false"/>
    <tile x="1" y="12" tile="-1" rot="0" flipX="false"/>
    <tile x="2" y="12" tile="-1" rot="0" flipX="false"/>
    <tile x="3" y="12" tile="-1" rot="0" flipX="false"/>
    <tile x="4" y="12" tile="-1" rot="0" flipX="false"/>
    <tile x="5" y="12" tile="-1" rot="0" flipX="false"/>
    <tile x="6" y="12" tile="-1" rot="0" flipX="false"/>
    <tile x="7" y="12" tile="-1" rot="0" flipX="false"/>
    <tile x="0" y="13" tile="-1" rot="0" flipX="false"/>
    <tile x="1" y="13" tile="-1" rot="0" flipX="false"/>
    <tile x="2" y="13" tile="-1" rot="0" flipX="false"/>
    <tile x="3" y="13" tile="-1" rot="0" flipX="false"/>
    <tile x="4" y="13" tile="-1" rot="0" flipX="false"/>
    <tile x="5" y="13" tile="-1" rot="0" flipX="false"/>
    <tile x="6" y="13" tile="-1" rot="0" flipX="false"/>
    <tile x="7" y="13" tile="-1" rot="0" flipX="false"/>
    <tile x="0" y="14" tile="-1" rot="0" flipX="false"/>
    <tile x="1" y="14" tile="-1" rot="0" flipX="false"/>
    <tile x="2" y="14" tile="-1" rot="0" flipX="false"/>
    <tile x="3" y="14" tile="-1" rot="0" flipX="false"/>
    <tile x="4" y="14" tile="-1" rot="0" flipX="false"/>
    <tile x="5" y="14" tile="-1" rot="0" flipX="false"/>
    <tile x="6" y="14" tile="-1" rot="0" flipX="false"/>
    <tile x="7" y="14" tile="-1" rot="0" flipX="false"/>
    <tile x="0" y="15" tile="-1" rot="0" flipX="false"/>
    <tile x="1" y="15" tile="-1" rot="0" flipX="false"/>
    <tile x="2" y="15" tile="-1" rot="0" flipX="false"/>
    <tile x="3" y="15" tile="-1" rot="0" flipX="false"/>
    <tile x="4" y="15" tile="-1" rot="0" flipX="false"/>
    <tile x="5" y="15" tile="-1" rot="0" flipX="false"/>
    <tile x="6" y="15" tile="-1" rot="0" flipX="false"/>
    <tile x="7" y="15" tile="-1" rot="0" flipX="false"/>
  </layer>
</tilemap>